{
  "employees": [
    {
      "id": 1,
      "name": "Employee 1",
      "department": "Dept 2",
      "salary": 91080,
      "hire_date": "2025-07-30T12:40:03.684752",
      "is_active": true
    },
    {
      "id": 2,
      "name": "Employee 2",
      "department": "Dept 3",
      "salary": 84274,
      "hire_date": "2025-06-30T12:40:03.684763",
      "is_active": true
    },
    {
      "id": 3,
      "name": "Employee 3",
      "department": "Dept 4",
      "salary": 68714,
      "hire_date": "2025-05-31T12:40:03.684768",
      "is_active": true
    },
    {
      "id": 4,
      "name": "Employee 4",
      "department": "Dept 5",
      "salary": 43526,
      "hire_date": "2025-05-01T12:40:03.684772",
      "is_active": true
    },
    {
      "id": 5,
      "name": "Employee 5",
      "department": "Dept 1",
      "salary": 101481,
      "hire_date": "2025-04-01T12:40:03.684775",
      "is_active": true
    },
    {
      "id": 6,
      "name": "Employee 6",
      "department": "Dept 2",
      "salary": 84159,
      "hire_date": "2025-03-02T12:40:03.684779",
      "is_active": true
    },
    {
      "id": 7,
      "name": "Employee 7",
      "department": "Dept 3",
      "salary": 57192,
      "hire_date": "2025-01-31T12:40:03.684782",
      "is_active": true
    },
    {
      "id": 8,
      "name": "Employee 8",
      "department": "Dept 4",
      "salary": 80226,
      "hire_date": "2025-01-01T12:40:03.684785",
      "is_active": true
    },
    {
      "id": 9,
      "name": "Employee 9",
      "department": "Dept 5",
      "salary": 84268,
      "hire_date": "2024-12-02T12:40:03.684788",
      "is_active": true
    },
    {
      "id": 10,
      "name": "Employee 10",
      "department": "Dept 1",
      "salary": 98650,
      "hire_date": "2024-11-02T12:40:03.684791",
      "is_active": false
    },
    {
      "id": 11,
      "name": "Employee 11",
      "department": "Dept 2",
      "salary": 88441,
      "hire_date": "2024-10-03T12:40:03.684794",
      "is_active": true
    },
    {
      "id": 12,
      "name": "Employee 12",
      "department": "Dept 3",
      "salary": 100490,
      "hire_date": "2024-09-03T12:40:03.684797",
      "is_active": true
    },
    {
      "id": 13,
      "name": "Employee 13",
      "department": "Dept 4",
      "salary": 41234,
      "hire_date": "2024-08-04T12:40:03.684800",
      "is_active": true
    },
    {
      "id": 14,
      "name": "Employee 14",
      "department": "Dept 5",
      "salary": 44138,
      "hire_date": "2024-07-05T12:40:03.684803",
      "is_active": true
    },
    {
      "id": 15,
      "name": "Employee 15",
      "department": "Dept 1",
      "salary": 112266,
      "hire_date": "2024-06-05T12:40:03.684805",
      "is_active": true
    },
    {
      "id": 16,
      "name": "Employee 16",
      "department": "Dept 2",
      "salary": 86734,
      "hire_date": "2024-05-06T12:40:03.684808",
      "is_active": true
    },
    {
      "id": 17,
      "name": "Employee 17",
      "department": "Dept 3",
      "salary": 47555,
      "hire_date": "2024-04-06T12:40:03.684811",
      "is_active": true
    },
    {
      "id": 18,
      "name": "Employee 18",
      "department": "Dept 4",
      "salary": 106118,
      "hire_date": "2024-03-07T12:40:03.684814",
      "is_active": true
    },
    {
      "id": 19,
      "name": "Employee 19",
      "department": "Dept 5",
      "salary": 61112,
      "hire_date": "2024-02-06T12:40:03.684817",
      "is_active": true
    },
    {
      "id": 20,
      "name": "Employee 20",
      "department": "Dept 1",
      "salary": 119921,
      "hire_date": "2024-01-07T12:40:03.684820",
      "is_active": false
    },
    {
      "id": 21,
      "name": "Employee 21",
      "department": "Dept 2",
      "salary": 76577,
      "hire_date": "2023-12-08T12:40:03.684822",
      "is_active": true
    },
    {
      "id": 22,
      "name": "Employee 22",
      "department": "Dept 3",
      "salary": 100311,
      "hire_date": "2023-11-08T12:40:03.684825",
      "is_active": true
    },
    {
      "id": 23,
      "name": "Employee 23",
      "department": "Dept 4",
      "salary": 77819,
      "hire_date": "2023-10-09T12:40:03.684828",
      "is_active": true
    },
    {
      "id": 24,
      "name": "Employee 24",
      "department": "Dept 5",
      "salary": 74901,
      "hire_date": "2023-09-09T12:40:03.684831",
      "is_active": true
    },
    {
      "id": 25,
      "name": "Employee 25",
      "department": "Dept 1",
      "salary": 59462,
      "hire_date": "2023-08-10T12:40:03.684833",
      "is_active": true
    },
    {
      "id": 26,
      "name": "Employee 26",
      "department": "Dept 2",
      "salary": 95982,
      "hire_date": "2023-07-11T12:40:03.684836",
      "is_active": true
    },
    {
      "id": 27,
      "name": "Employee 27",
      "department": "Dept 3",
      "salary": 103830,
      "hire_date": "2023-06-11T12:40:03.684839",
      "is_active": true
    },
    {
      "id": 28,
      "name": "Employee 28",
      "department": "Dept 4",
      "salary": 104289,
      "hire_date": "2023-05-12T12:40:03.684842",
      "is_active": true
    },
    {
      "id": 29,
      "name": "Employee 29",
      "department": "Dept 5",
      "salary": 40940,
      "hire_date": "2023-04-12T12:40:03.684844",
      "is_active": true
    },
    {
      "id": 30,
      "name": "Employee 30",
      "department": "Dept 1",
      "salary": 76342,
      "hire_date": "2023-03-13T12:40:03.684847",
      "is_active": false
    },
    {
      "id": 31,
      "name": "Employee 31",
      "department": "Dept 2",
      "salary": 110131,
      "hire_date": "2023-02-11T12:40:03.684850",
      "is_active": true
    },
    {
      "id": 32,
      "name": "Employee 32",
      "department": "Dept 3",
      "salary": 81218,
      "hire_date": "2023-01-12T12:40:03.684852",
      "is_active": true
    },
    {
      "id": 33,
      "name": "Employee 33",
      "department": "Dept 4",
      "salary": 42400,
      "hire_date": "2022-12-13T12:40:03.684855",
      "is_active": true
    },
    {
      "id": 34,
      "name": "Employee 34",
      "department": "Dept 5",
      "salary": 61634,
      "hire_date": "2022-11-13T12:40:03.684858",
      "is_active": true
    },
    {
      "id": 35,
      "name": "Employee 35",
      "department": "Dept 1",
      "salary": 30212,
      "hire_date": "2022-10-14T12:40:03.684861",
      "is_active": true
    },
    {
      "id": 36,
      "name": "Employee 36",
      "department": "Dept 2",
      "salary": 35666,
      "hire_date": "2022-09-14T12:40:03.684863",
      "is_active": true
    },
    {
      "id": 37,
      "name": "Employee 37",
      "department": "Dept 3",
      "salary": 41102,
      "hire_date": "2022-08-15T12:40:03.684866",
      "is_active": true
    },
    {
      "id": 38,
      "name": "Employee 38",
      "department": "Dept 4",
      "salary": 33973,
      "hire_date": "2022-07-16T12:40:03.684869",
      "is_active": true
    },
    {
      "id": 39,
      "name": "Employee 39",
      "department": "Dept 5",
      "salary": 47738,
      "hire_date": "2022-06-16T12:40:03.684871",
      "is_active": true
    },
    {
      "id": 40,
      "name": "Employee 40",
      "department": "Dept 1",
      "salary": 97670,
      "hire_date": "2022-05-17T12:40:03.684874",
      "is_active": false
    },
    {
      "id": 41,
      "name": "Employee 41",
      "department": "Dept 2",
      "salary": 59591,
      "hire_date": "2022-04-17T12:40:03.684876",
      "is_active": true
    },
    {
      "id": 42,
      "name": "Employee 42",
      "department": "Dept 3",
      "salary": 89979,
      "hire_date": "2022-03-18T12:40:03.684879",
      "is_active": true
    },
    {
      "id": 43,
      "name": "Employee 43",
      "department": "Dept 4",
      "salary": 119680,
      "hire_date": "2022-02-16T12:40:03.684882",
      "is_active": true
    },
    {
      "id": 44,
      "name": "Employee 44",
      "department": "Dept 5",
      "salary": 59915,
      "hire_date": "2022-01-17T12:40:03.684885",
      "is_active": true
    },
    {
      "id": 45,
      "name": "Employee 45",
      "department": "Dept 1",
      "salary": 37701,
      "hire_date": "2021-12-18T12:40:03.684887",
      "is_active": true
    },
    {
      "id": 46,
      "name": "Employee 46",
      "department": "Dept 2",
      "salary": 35518,
      "hire_date": "2021-11-18T12:40:03.684890",
      "is_active": true
    },
    {
      "id": 47,
      "name": "Employee 47",
      "department": "Dept 3",
      "salary": 60455,
      "hire_date": "2021-10-19T12:40:03.684893",
      "is_active": true
    },
    {
      "id": 48,
      "name": "Employee 48",
      "department": "Dept 4",
      "salary": 43989,
      "hire_date": "2021-09-19T12:40:03.684895",
      "is_active": true
    },
    {
      "id": 49,
      "name": "Employee 49",
      "department": "Dept 5",
      "salary": 88437,
      "hire_date": "2021-08-20T12:40:03.684898",
      "is_active": true
    },
    {
      "id": 50,
      "name": "Employee 50",
      "department": "Dept 1",
      "salary": 64274,
      "hire_date": "2021-07-21T12:40:03.684901",
      "is_active": false
    }
  ],
  "departments": [
    {
      "id": 1,
      "name": "Department 1",
      "manager": "Manager 1",
      "budget": 941611,
      "created_date": "2025-05-31T12:40:03.684904"
    },
    {
      "id": 2,
      "name": "Department 2",
      "manager": "Manager 2",
      "budget": 905256,
      "created_date": "2025-03-02T12:40:03.684908"
    },
    {
      "id": 3,
      "name": "Department 3",
      "manager": "Manager 3",
      "budget": 509066,
      "created_date": "2024-12-02T12:40:03.684911"
    },
    {
      "id": 4,
      "name": "Department 4",
      "manager": "Manager 4",
      "budget": 557662,
      "created_date": "2024-09-03T12:40:03.684913"
    },
    {
      "id": 5,
      "name": "Department 5",
      "manager": "Manager 5",
      "budget": 939764,
      "created_date": "2024-06-05T12:40:03.684916"
    },
    {
      "id": 6,
      "name": "Department 6",
      "manager": "Manager 6",
      "budget": 679704,
      "created_date": "2024-03-07T12:40:03.684919"
    },
    {
      "id": 7,
      "name": "Department 7",
      "manager": "Manager 7",
      "budget": 271111,
      "created_date": "2023-12-08T12:40:03.684922"
    },
    {
      "id": 8,
      "name": "Department 8",
      "manager": "Manager 8",
      "budget": 862345,
      "created_date": "2023-09-09T12:40:03.684924"
    },
    {
      "id": 9,
      "name": "Department 9",
      "manager": "Manager 9",
      "budget": 490906,
      "created_date": "2023-06-11T12:40:03.684927"
    },
    {
      "id": 10,
      "name": "Department 10",
      "manager": "Manager 10",
      "budget": 407106,
      "created_date": "2023-03-13T12:40:03.684930"
    }
  ],
  "products": [
    {
      "id": 1,
      "name": "Product 1",
      "category": "Category 2",
      "price": 449.26,
      "in_stock": 54
    },
    {
      "id": 2,
      "name": "Product 2",
      "category": "Category 3",
      "price": 960.37,
      "in_stock": 57
    },
    {
      "id": 3,
      "name": "Product 3",
      "category": "Category 1",
      "price": 67.47,
      "in_stock": 52
    },
    {
      "id": 4,
      "name": "Product 4",
      "category": "Category 2",
      "price": 265.71,
      "in_stock": 68
    },
    {
      "id": 5,
      "name": "Product 5",
      "category": "Category 3",
      "price": 915.9,
      "in_stock": 94
    },
    {
      "id": 6,
      "name": "Product 6",
      "category": "Category 1",
      "price": 131.84,
      "in_stock": 0
    },
    {
      "id": 7,
      "name": "Product 7",
      "category": "Category 2",
      "price": 843.5,
      "in_stock": 21
    },
    {
      "id": 8,
      "name": "Product 8",
      "category": "Category 3",
      "price": 118.57,
      "in_stock": 5
    },
    {
      "id": 9,
      "name": "Product 9",
      "category": "Category 1",
      "price": 547.95,
      "in_stock": 28
    },
    {
      "id": 10,
      "name": "Product 10",
      "category": "Category 2",
      "price": 663.3,
      "in_stock": 71
    },
    {
      "id": 11,
      "name": "Product 11",
      "category": "Category 3",
      "price": 140.61,
      "in_stock": 30
    },
    {
      "id": 12,
      "name": "Product 12",
      "category": "Category 1",
      "price": 112.33,
      "in_stock": 89
    },
    {
      "id": 13,
      "name": "Product 13",
      "category": "Category 2",
      "price": 480.66,
      "in_stock": 34
    },
    {
      "id": 14,
      "name": "Product 14",
      "category": "Category 3",
      "price": 42.76,
      "in_stock": 21
    },
    {
      "id": 15,
      "name": "Product 15",
      "category": "Category 1",
      "price": 851.29,
      "in_stock": 78
    },
    {
      "id": 16,
      "name": "Product 16",
      "category": "Category 2",
      "price": 681.98,
      "in_stock": 40
    },
    {
      "id": 17,
      "name": "Product 17",
      "category": "Category 3",
      "price": 178.45,
      "in_stock": 12
    },
    {
      "id": 18,
      "name": "Product 18",
      "category": "Category 1",
      "price": 68.03,
      "in_stock": 24
    },
    {
      "id": 19,
      "name": "Product 19",
      "category": "Category 2",
      "price": 408.09,
      "in_stock": 77
    },
    {
      "id": 20,
      "name": "Product 20",
      "category": "Category 3",
      "price": 81.0,
      "in_stock": 14
    },
    {
      "id": 21,
      "name": "Product 21",
      "category": "Category 1",
      "price": 379.48,
      "in_stock": 29
    },
    {
      "id": 22,
      "name": "Product 22",
      "category": "Category 2",
      "price": 46.13,
      "in_stock": 64
    },
    {
      "id": 23,
      "name": "Product 23",
      "category": "Category 3",
      "price": 285.89,
      "in_stock": 50
    },
    {
      "id": 24,
      "name": "Product 24",
      "category": "Category 1",
      "price": 452.93,
      "in_stock": 8
    },
    {
      "id": 25,
      "name": "Product 25",
      "category": "Category 2",
      "price": 396.1,
      "in_stock": 43
    },
    {
      "id": 26,
      "name": "Product 26",
      "category": "Category 3",
      "price": 411.81,
      "in_stock": 79
    },
    {
      "id": 27,
      "name": "Product 27",
      "category": "Category 1",
      "price": 29.42,
      "in_stock": 57
    },
    {
      "id": 28,
      "name": "Product 28",
      "category": "Category 2",
      "price": 392.61,
      "in_stock": 42
    },
    {
      "id": 29,
      "name": "Product 29",
      "category": "Category 3",
      "price": 347.36,
      "in_stock": 34
    },
    {
      "id": 30,
      "name": "Product 30",
      "category": "Category 1",
      "price": 231.93,
      "in_stock": 89
    }
  ]
}